{
    "produk":[
        {
            "id": 1,
            "name": "AC Samsung",
            "desc": "AC Samsung harga murah kualitas terjangkau. bagus untuk anak sultan",
            "price": "900000",
            "img": "https://5.imimg.com/data5/QP/MO/NK/SELLER-3152591/samsung-window-air-conditioner-250x250.jpg",
            "stock": "3"
        },
        {
            "id": 2,
            "name": "AC Polytron",
            "desc": "AC Politron kualitas terjangkau ramah lingkungan. bagus untuk solo player",
            "price": "1000000",
            "img": "https://www.static-src.com/wcsstore/Indraprastha/images/catalog/full//92/MTA-1433639/polytron_polytron-pac-05vg-ac-split-standard-1-2-pk-putih_full02.jpg",
            "stock": "4"
        },
        {
            "id": 3,
            "name": "AC Hisense",
            "desc": "ini ac hisense, bisa dibeli varian warna 1",
            "price": "800000",
            "img": "https://hisense.com.gh/wp-content/uploads/2018/04/AC1.5INV.jpg",
            "stock": "1"
        },
        {
            "id": 4,
            "name": "AC Pioneer",
            "desc": "diambil dari dari kata pionir, sangat aneh",
            "price": "9800000",
            "img": "https://tinyhousehugeideas.com/wp-content/uploads/2018/12/51x5saPM0TL.jpg",
            "stock": "6"
        },
        {
            "id": 5,
            "name": "AC Philips",
            "desc": "ac philips bisa menyala seperti lampu dalam gelap. tidak ada varian warna",
            "price": "700000",
            "img": "https://cdn.webshopapp.com/shops/251715/files/359777702/450x450x2/philips-ac-2729-11.jpg",
            "stock": "9"
        },
        {
            "id": 6,
            "name": "AC Panasonic",
            "desc": "AC Panasonic, satu satunya ac yang bisa buat panas",
            "price": "100000",
            "img": "https://assets.mspimages.in/c/tr:w-375,h-330,c-at_max/562162-19-1.jpg",
            "stock": "8"
        },
        {
            "id": 7,
            "name": "AC Sharp",
            "desc": "AC Sharp yang terkenal tajam penurunan suhu nya. Bisa buat demam jika dipakai terlalu lama",
            "price": "999999",
            "img": "https://id.sharp/sites/default/files/styles/resize_320x320/public/2018-11/AH-A5-7-9-12VEY.jpg?itok=Krl2lhFB",
            "stock": "7"
        },
        {
            "id": 8,
            "name": "AC Haier",
            "desc": "Yang perlu diperhatikan adalah bacanya Haier bukan hair atau rambut",
            "price": "111111",
            "img": "https://target.scene7.com/is/image/Target/GUEST_81c33df3-4aa4-4cbc-a9c4-bfa58be16086?wid=488&hei=488&fmt=pjpeg",
            "stock": "2"
        }
    ]
}